Workbook

Sheet Cover
A1: DATA ANALYTICS M3-A1
A2: Student | B2: Roshni Singh
A3: File | B3: Roshni_M3-A1.xlsx
A4: Contents | B4: Section A, B Tasks 1-4, Section C Capstone, Section D AI/Python

Sheet Sheet1

Sheet Section A Answers
A1: Question | B1: Answer
A2: Q1 | B2: Last-month totals are Descriptive because they summarize what happened using total orders, revenue and cancellation rate. Week 3 delay diagnosis is Diagnostic because it investigates why delays increased by 40%. Next-quarter order volume forecasting is Predictive because it estimates future demand from historical patterns. Prescriptive analysis recommends actions after considering predicted outcomes. Inputs include order, revenue, cancellation, delivery-time and historical-volume data; outputs are summaries, causes and forecasts.
A3: Q2 | B3: Business-health KPIs can include Total Revenue = SUM(Revenue) and Cancellation Rate = Cancelled Orders / Total Orders × 100. Higher revenue indicates more sales, while a rising cancellation rate indicates more cancelled orders. Retention KPIs can include Repeat Customer Rate = Repeat Customers / Total Customers × 100 and Retention Rate = Retained Customers / Customers at Start × 100. These connect financial performance with customer behavior.
A4: Q3 | B4: Mean delivery time (38) is higher than median (29), so the distribution is likely right-skewed because slow observations pull the mean upward. Median is preferable for typical delivery time because it is less affected by extremes. SD=24 means substantial spread around the mean. The 60 GPS-error orders should be investigated and removed/corrected if they are confirmed data errors; genuine extremes should be retained or capped only with a documented rule.
A5: Q4 | B5: Use a two-sample test such as a t-test when comparing average order value before and after the campaign, assuming suitable assumptions. H0: no change in mean order value. H1: mean order value changed. p=.03 is below .05, so the result is statistically significant at 95% confidence. Communicate the statistical result together with the size of the change and practical business impact.
A6: Q5 | B6: VLOOKUP can pull RestaurantName but has a left-to-right structure. XLOOKUP is more flexible: =XLOOKUP(C2,Restaurants!$A$2:$A$100,Restaurants!$B$2:$B$100,"Not Listed"). C2 is the RestaurantID, first range is lookup array, second is return array, and fourth argument handles missing IDs. INDEX-MATCH for Zone: =INDEX(Restaurants!$C$2:$C$100,MATCH(C2,Restaurants!$A$2:$A$100,0)). MATCH finds the row and INDEX returns the Zone.
A7: Q6 | B7: Use Pivot Tables for revenue by cuisine, weekly order trends and top zones by average rating. Pivot Charts visualize the summaries. Slicers provide one-click filtering and Timelines filter dates. Connect shared slicers/timelines through Report Connections. Conditional Formatting highlights performance. Ctrl+T is critical because new rows are automatically included in a formal Table; otherwise source ranges can miss new records.

Sheet Task 1 Orders
A1: OrderID | B1: CustomerName | C1: Cuisine | D1: OrderDate | E1: DeliveryTime | F1: Rating | G1: Revenue | H1: Status
A2: T1O001 | B2: Customer 1 | C2: Indian | D2: 46279 | E2: 35 | F2: 3 | G2: 1316.43 | H2: Delivered
A3: T1O002 | B3: Customer 2 | C3: Chinese | D3: 46275 | E3: 20 | F3: 5 | G3: 934.94 | H3: Delivered
A4: T1O003 | B4: Customer 3 | C4: Italian | D4: 46271 | E4: 62 | F4: 4 | G4: 798.35 | H4: Delivered
A5: T1O004 | B5: Customer 4 | C5: Mexican | D5: 46289 | E5: 20 | F5: 2 | G5: 1029.32 | H5: Cancelled
A6: T1O005 | B6: Customer 5 | C6: Thai | D6: 46285 | E6: 22 | F6: 3 | G6: 936.43 | H6: Cancelled
A7: T1O006 | B7: Customer 6 | C7: Indian | D7: 46284 | E7: 69 | F7: 1 | G7: 429.33 | H7: Cancelled
A8: T1O007 | B8: Customer 7 | C8: Chinese | D8: 46280 | E8: 19 | F8: 1 | G8: 885.17 | H8: Delivered
A9: T1O008 | B9: Customer 8 | C9: Italian | D9: 46279 | E9: 52 | F9: 2 | G9: 1419.5 | H9: Delivered
A10: T1O009 | B10: Customer 9 | C10: Mexican | D10: 46286 | E10: 41 | F10: 1 | G10: 320.82 | H10: Delivered
A11: T1O010 | B11: Customer 10 | C11: Thai | D11: 46289 | E11: 25 | F11: 5 | G11: 393.88 | H11: Delivered
A12: T1O011 | B12: Customer 11 | C12: Indian | D12: 46280 | E12: 74 | F12: 4 | G12: 923.6 | H12: Delivered
A13: T1O012 | B13: Customer 12 | C13: Chinese | D13: 46270 | E13: 42 | F13: 3 | G13: 172.29 | H13: Cancelled
... A51: T1O050 | B51: Customer 50 | C51: Thai | D51: 46282 | E51: 15 | F51: 1 | G51: 233.36 | H51: Cancelled

Sheet Premium Orders
A1: OrderID | B1: CustomerName | C1: Cuisine | D1: OrderDate | E1: DeliveryTime | F1: Rating | G1: Revenue | H1: Status | J1: Criteria
A2: T1O002 | B2: Customer 2 | C2: Chinese | D2: 46275 | E2: 20 | F2: 5 | G2: 934.94 | H2: Delivered | J2: Status | K2: Revenue | L2: Rating
A3: T1O003 | B3: Customer 3 | C3: Italian | D3: 46271 | E3: 62 | F3: 4 | G3: 798.35 | H3: Delivered | J3: Delivered | K3: >500 | L3: >=4
A4: T1O011 | B4: Customer 11 | C4: Indian | D4: 46280 | E4: 74 | F4: 4 | G4: 923.6 | H4: Delivered
A5: T1O014 | B5: Customer 14 | C5: Mexican | D5: 46281 | E5: 61 | F5: 4 | G5: 1373.86 | H5: Delivered
A6: T1O017 | B6: Customer 17 | C6: Chinese | D6: 46276 | E6: 62 | F6: 5 | G6: 1416.43 | H6: Delivered
A7: T1O018 | B7: Customer 18 | C7: Italian | D7: 46293 | E7: 44 | F7: 5 | G7: 504.2 | H7: Delivered
A8: T1O020 | B8: Customer 20 | C8: Thai | D8: 46275 | E8: 35 | F8: 4 | G8: 1524.99 | H8: Delivered
A9: T1O024 | B9: Customer 24 | C9: Mexican | D9: 46280 | E9: 74 | F9: 4 | G9: 1286.7 | H9: Delivered
A10: T1O026 | B10: Customer 26 | C10: Indian | D10: 46278 | E10: 18 | F10: 4 | G10: 1483.28 | H10: Delivered
A11: T1O030 | B11: Customer 30 | C11: Thai | D11: 46269 | E11: 40 | F11: 4 | G11: 602.44 | H11: Delivered
A12: T1O039 | B12: Customer 39 | C12: Mexican | D12: 46276 | E12: 30 | F12: 5 | G12: 1243.74 | H12: Delivered
A13: T1O046 | B13: Customer 46 | C13: Indian | D13: 46282 | E13: 75 | F13: 5 | G13: 1083.85 | H13: Delivered
A14: T1O047 | B14: Customer 47 | C14: Chinese | D14: 46269 | E14: 71 | F14: 5 | G14: 663.48 | H14: Delivered

Sheet Restaurants
A1: RestaurantID | B1: RestaurantName | C1: Zone | D1: Category | E1: AvgRating
A2: R001 | B2: Restaurant 1 | C2: North | D2: Cloud Kitchen | E2: 4.8
A3: R002 | B3: Restaurant 2 | C3: South | D3: Dine-in | E3: 4.8
A4: R003 | B4: Restaurant 3 | C4: East | D4: QSR | E4: 4
A5: R004 | B5: Restaurant 4 | C5: West | D5: Cloud Kitchen | E5: 3.9
A6: R005 | B6: Restaurant 5 | C6: Central | D6: Dine-in | E6: 4
A7: R006 | B7: Restaurant 6 | C7: North | D7: QSR | E7: 4.7
A8: R007 | B8: Restaurant 7 | C8: South | D8: Cloud Kitchen | E8: 4.4
A9: R008 | B9: Restaurant 8 | C9: East | D9: Dine-in | E9: 3.9
A10: R009 | B10: Restaurant 9 | C10: West | D10: QSR | E10: 4.3
A11: R010 | B11: Restaurant 10 | C11: Central | D11: Cloud Kitchen | E11: 4.8
A12: R011 | B12: Restaurant 11 | C12: North | D12: Dine-in | E12: 4.6
A13: R012 | B13: Restaurant 12 | C13: South | D13: QSR | E13: 4.5
... A16: R015 | B16: Restaurant 15 | C16: Central | D16: QSR | E16: 4.1

Sheet Task 2 Orders
A1: OrderID | B1: RestaurantID | C1: Revenue | D1: RestaurantName (XLOOKUP) | E1: Zone (INDEX-MATCH) | G1: Zone Summary
A2: T2O001 | B2: R005 | C2: 1011.09 | D2: =_xludf.XLOOKUP(B2,Restaurants!$A$2:$A$16,Restaurants!$B$2:$B$16,"Not Listed") -> #NAME? | E2: =IFERROR(INDEX(Restaurants!$C$2:$C$16,MATCH(B2,Restaurants!$A$2:$A$16,0)),"Not Listed") -> Central | G2: Zone | H2: Average Revenue
A3: T2O002 | B3: R011 | C3: 1309.37 | D3: =_xludf.XLOOKUP(B3,Restaurants!$A$2:$A$16,Restaurants!$B$2:$B$16,"Not Listed") -> #NAME? | E3: =IFERROR(INDEX(Restaurants!$C$2:$C$16,MATCH(B3,Restaurants!$A$2:$A$16,0)),"Not Listed") -> North | G3: North | H3: =AVERAGEIF($E$2:$E$41,G3,$C$2:$C$41) -> 1246.4157
A4: T2O003 | B4: R005 | C4: 1213.16 | D4: =_xludf.XLOOKUP(B4,Restaurants!$A$2:$A$16,Restaurants!$B$2:$B$16,"Not Listed") -> #NAME? | E4: =IFERROR(INDEX(Restaurants!$C$2:$C$16,MATCH(B4,Restaurants!$A$2:$A$16,0)),"Not Listed") -> Central | G4: South | H4: =AVERAGEIF($E$2:$E$41,G4,$C$2:$C$41) -> 841.07667
A5: T2O004 | B5: R014 | C5: 282.17 | D5: =_xludf.XLOOKUP(B5,Restaurants!$A$2:$A$16,Restaurants!$B$2:$B$16,"Not Listed") -> #NAME? | E5: =IFERROR(INDEX(Restaurants!$C$2:$C$16,MATCH(B5,Restaurants!$A$2:$A$16,0)),"Not Listed") -> West | G5: East | H5: =AVERAGEIF($E$2:$E$41,G5,$C$2:$C$41) -> 1243.695
A6: T2O005 | B6: R008 | C6: 1288.1 | D6: =_xludf.XLOOKUP(B6,Restaurants!$A$2:$A$16,Restaurants!$B$2:$B$16,"Not Listed") -> #NAME? | E6: =IFERROR(INDEX(Restaurants!$C$2:$C$16,MATCH(B6,Restaurants!$A$2:$A$16,0)),"Not Listed") -> East | G6: West | H6: =AVERAGEIF($E$2:$E$41,G6,$C$2:$C$41) -> 876.30167
A7: T2O006 | B7: R011 | C7: 1678.43 | D7: =_xludf.XLOOKUP(B7,Restaurants!$A$2:$A$16,Restaurants!$B$2:$B$16,"Not Listed") -> #NAME? | E7: =IFERROR(INDEX(Restaurants!$C$2:$C$16,MATCH(B7,Restaurants!$A$2:$A$16,0)),"Not Listed") -> North | G7: Central | H7: =AVERAGEIF($E$2:$E$41,G7,$C$2:$C$41) -> 876.324
A8: T2O007 | B8: R001 | C8: 1424.55 | D8: =_xludf.XLOOKUP(B8,Restaurants!$A$2:$A$16,Restaurants!$B$2:$B$16,"Not Listed") -> #NAME? | E8: =IFERROR(INDEX(Restaurants!$C$2:$C$16,MATCH(B8,Restaurants!$A$2:$A$16,0)),"Not Listed") -> North
A9: T2O008 | B9: R013 | C9: 1067.59 | D9: =_xludf.XLOOKUP(B9,Restaurants!$A$2:$A$16,Restaurants!$B$2:$B$16,"Not Listed") -> #NAME? | E9: =IFERROR(INDEX(Restaurants!$C$2:$C$16,MATCH(B9,Restaurants!$A$2:$A$16,0)),"Not Listed") -> East
A10: T2O009 | B10: R013 | C10: 1457.26 | D10: =_xludf.XLOOKUP(B10,Restaurants!$A$2:$A$16,Restaurants!$B$2:$B$16,"Not Listed") -> #NAME? | E10: =IFERROR(INDEX(Restaurants!$C$2:$C$16,MATCH(B10,Restaurants!$A$2:$A$16,0)),"Not Listed") -> East
A11: T2O010 | B11: R013 | C11: 1780.84 | D11: =_xludf.XLOOKUP(B11,Restaurants!$A$2:$A$16,Restaurants!$B$2:$B$16,"Not Listed") -> #NAME? | E11: =IFERROR(INDEX(Restaurants!$C$2:$C$16,MATCH(B11,Restaurants!$A$2:$A$16,0)),"Not Listed") -> East
A12: T2O011 | B12: R012 | C12: 1304.66 | D12: =_xludf.XLOOKUP(B12,Restaurants!$A$2:$A$16,Restaurants!$B$2:$B$16,"Not Listed") -> #NAME? | E12: =IFERROR(INDEX(Restaurants!$C$2:$C$16,MATCH(B12,Restaurants!$A$2:$A$16,0)),"Not Listed") -> South
A13: T2O012 | B13: R015 | C13: 1284.7 | D13: =_xludf.XLOOKUP(B13,Restaurants!$A$2:$A$16,Restaurants!$B$2:$B$16,"Not Listed") -> #NAME? | E13: =IFERROR(INDEX(Restaurants!$C$2:$C$16,MATCH(B13,Restaurants!$A$2:$A$16,0)),"Not Listed") -> Central
A14: T2O013 | B14: R014 | C14: 1029.87 | D14: =_xludf.XLOOKUP(B14,Restaurants!$A$2:$A$16,Restaurants!$B$2:$B$16,"Not Listed") -> #NAME? | E14: =IFERROR(INDEX(Restaurants!$C$2:$C$16,MATCH(B14,Restaurants!$A$2:$A$16,0)),"Not Listed") -> West
A15: T2O014 | B15: R011 | C15: 1011.51 | D15: =_xludf.XLOOKUP(B15,Restaurants!$A$2:$A$16,Restaurants!$B$2:$B$16,"Not Listed") -> #NAME? | E15: =IFERROR(INDEX(Restaurants!$C$2:$C$16,MATCH(B15,Restaurants!$A$2:$A$16,0)),"Not Listed") -> North
A16: T2O015 | B16: R005 | C16: 416.19 | D16: =_xludf.XLOOKUP(B16,Restaurants!$A$2:$A$16,Restaurants!$B$2:$B$16,"Not Listed") -> #NAME? | E16: =IFERROR(INDEX(Restaurants!$C$2:$C$16,MATCH(B16,Restaurants!$A$2:$A$16,0)),"Not Listed") -> Central
A17: T2O016 | B17: R015 | C17: 631.48 | D17: =_xludf.XLOOKUP(B17,Restaurants!$A$2:$A$16,Restaurants!$B$2:$B$16,"Not Listed") -> #NAME? | E17: =IFERROR(INDEX(Restaurants!$C$2:$C$16,MATCH(B17,Restaurants!$A$2:$A$16,0)),"Not Listed") -> Central
A18: T2O017 | B18: R011 | C18: 1434.72 | D18: =_xludf.XLOOKUP(B18,Restaurants!$A$2:$A$16,Restaurants!$B$2:$B$16,"Not Listed") -> #NAME? | E18: =IFERROR(INDEX(Restaurants!$C$2:$C$16,MATCH(B18,Restaurants!$A$2:$A$16,0)),"Not Listed") -> North
A19: T2O018 | B19: R009 | C19: 767.95 | D19: =_xludf.XLOOKUP(B19,Restaurants!$A$2:$A$16,Restaurants!$B$2:$B$16,"Not Listed") -> #NAME? | E19: =IFERROR(INDEX(Restaurants!$C$2:$C$16,MATCH(B19,Restaurants!$A$2:$A$16,0)),"Not Listed") -> West
... A41: T2O040 | B41: R011 | C41: 1103.92 | D41: =_xludf.XLOOKUP(B41,Restaurants!$A$2:$A$16,Restaurants!$B$2:$B$16,"Not Listed") -> #NAME? | E41: =IFERROR(INDEX(Restaurants!$C$2:$C$16,MATCH(B41,Restaurants!$A$2:$A$16,0)),"Not Listed") -> North

Sheet Task 3 Orders
A1: OrderID | B1: OrderDate | C1: Cuisine | D1: Zone | E1: Revenue | F1: DeliveryTime | G1: Status
A2: O0001 | B2: 46174 | C2: Italian | D2: North | E2: 591.36 | F2: 18 | G2: Delivered
A3: O0002 | B3: 46182 | C3: Thai | D3: Central | E3: 393.81 | F3: 47 | G3: Delivered
A4: O0003 | B4: 46258 | C4: Italian | D4: West | E4: 1024.3 | F4: 22 | G4: Delivered
A5: O0004 | B5: 46191 | C5: Thai | D5: North | E5: 1229.33 | F5: 25 | G5: Delivered
A6: O0005 | B6: 46205 | C6: Chinese | D6: South | E6: 920.72 | F6: 55 | G6: Delivered
A7: O0006 | B7: 46194 | C7: Indian | D7: South | E7: 886.44 | F7: 19 | G7: Delivered
A8: O0007 | B8: 46222 | C8: Chinese | D8: Central | E8: 483.95 | F8: 27 | G8: Delivered
A9: O0008 | B9: 46265 | C9: Chinese | D9: East | E9: 1392.7 | F9: 42 | G9: Delivered
A10: O0009 | B10: 46236 | C10: Thai | D10: East | E10: 1799.1 | F10: 42 | G10: Delivered
A11: O0010 | B11: 46209 | C11: Thai | D11: Central | E11: 405.49 | F11: 41 | G11: Delivered
A12: O0011 | B12: 46180 | C12: Thai | D12: North | E12: 1398.34 | F12: 40 | G12: Delivered
A13: O0012 | B13: 46256 | C13: Chinese | D13: North | E13: 469.43 | F13: 62 | G13: Delayed
... A121: O0120 | B121: 46185 | C121: Thai | D121: East | E121: 1173.98 | F121: 42 | G121: Delivered

Sheet Task 3 Pivot 1
A1: Revenue SUM by Cuisine x Zone
A2: Status Filter | B2: All
A4: Cuisine | B4: North | C4: South | D4: East | E4: West | F4: Central
A5: Indian | B5: =SUMIFS('Task 3 Orders'!$E$2:$E$121,'Task 3 Orders'!$C$2:$C$121,$A5,'Task 3 Orders'!$D$2:$D$121,B$4) -> 3342.12 | C5: =SUMIFS('Task 3 Orders'!$E$2:$E$121,'Task 3 Orders'!$C$2:$C$121,$A5,'Task 3 Orders'!$D$2:$D$121,C$4) -> 2282.89 | D5: =SUMIFS('Task 3 Orders'!$E$2:$E$121,'Task 3 Orders'!$C$2:$C$121,$A5,'Task 3 Orders'!$D$2:$D$121,D$4) -> 4638.55 | E5: =SUMIFS('Task 3 Orders'!$E$2:$E$121,'Task 3 Orders'!$C$2:$C$121,$A5,'Task 3 Orders'!$D$2:$D$121,E$4) -> 2105.97 | F5: =SUMIFS('Task 3 Orders'!$E$2:$E$121,'Task 3 Orders'!$C$2:$C$121,$A5,'Task 3 Orders'!$D$2:$D$121,F$4) -> 3432.71 | G5: =SUM(B5:F5) -> 15802.24
A6: Chinese | B6: =SUMIFS('Task 3 Orders'!$E$2:$E$121,'Task 3 Orders'!$C$2:$C$121,$A6,'Task 3 Orders'!$D$2:$D$121,B$4) -> 4503.7 | C6: =SUMIFS('Task 3 Orders'!$E$2:$E$121,'Task 3 Orders'!$C$2:$C$121,$A6,'Task 3 Orders'!$D$2:$D$121,C$4) -> 3175.68 | D6: =SUMIFS('Task 3 Orders'!$E$2:$E$121,'Task 3 Orders'!$C$2:$C$121,$A6,'Task 3 Orders'!$D$2:$D$121,D$4) -> 8890.17 | E6: =SUMIFS('Task 3 Orders'!$E$2:$E$121,'Task 3 Orders'!$C$2:$C$121,$A6,'Task 3 Orders'!$D$2:$D$121,E$4) -> 8197.92 | F6: =SUMIFS('Task 3 Orders'!$E$2:$E$121,'Task 3 Orders'!$C$2:$C$121,$A6,'Task 3 Orders'!$D$2:$D$121,F$4) -> 3773.39 | G6: =SUM(B6:F6) -> 28540.86
A7: Italian | B7: =SUMIFS('Task 3 Orders'!$E$2:$E$121,'Task 3 Orders'!$C$2:$C$121,$A7,'Task 3 Orders'!$D$2:$D$121,B$4) -> 4803.03 | C7: =SUMIFS('Task 3 Orders'!$E$2:$E$121,'Task 3 Orders'!$C$2:$C$121,$A7,'Task 3 Orders'!$D$2:$D$121,C$4) -> 5817.28 | D7: =SUMIFS('Task 3 Orders'!$E$2:$E$121,'Task 3 Orders'!$C$2:$C$121,$A7,'Task 3 Orders'!$D$2:$D$121,D$4) -> 3597.75 | E7: =SUMIFS('Task 3 Orders'!$E$2:$E$121,'Task 3 Orders'!$C$2:$C$121,$A7,'Task 3 Orders'!$D$2:$D$121,E$4) -> 3488.64 | F7: =SUMIFS('Task 3 Orders'!$E$2:$E$121,'Task 3 Orders'!$C$2:$C$121,$A7,'Task 3 Orders'!$D$2:$D$121,F$4) -> 3001.51 | G7: =SUM(B7:F7) -> 20708.21
A8: Mexican | B8: =SUMIFS('Task 3 Orders'!$E$2:$E$121,'Task 3 Orders'!$C$2:$C$121,$A8,'Task 3 Orders'!$D$2:$D$121,B$4) -> 1750.38 | C8: =SUMIFS('Task 3 Orders'!$E$2:$E$121,'Task 3 Orders'!$C$2:$C$121,$A8,'Task 3 Orders'!$D$2:$D$121,C$4) -> 5336.68 | D8: =SUMIFS('Task 3 Orders'!$E$2:$E$121,'Task 3 Orders'!$C$2:$C$121,$A8,'Task 3 Orders'!$D$2:$D$121,D$4) -> 1558.39 | E8: =SUMIFS('Task 3 Orders'!$E$2:$E$121,'Task 3 Orders'!$C$2:$C$121,$A8,'Task 3 Orders'!$D$2:$D$121,E$4) -> 3478.91 | F8: =SUMIFS('Task 3 Orders'!$E$2:$E$121,'Task 3 Orders'!$C$2:$C$121,$A8,'Task 3 Orders'!$D$2:$D$121,F$4) -> 3605.66 | G8: =SUM(B8:F8) -> 15730.02
A9: Thai | B9: =SUMIFS('Task 3 Orders'!$E$2:$E$121,'Task 3 Orders'!$C$2:$C$121,$A9,'Task 3 Orders'!$D$2:$D$121,B$4) -> 6863.61 | C9: =SUMIFS('Task 3 Orders'!$E$2:$E$121,'Task 3 Orders'!$C$2:$C$121,$A9,'Task 3 Orders'!$D$2:$D$121,C$4) -> 1731.15 | D9: =SUMIFS('Task 3 Orders'!$E$2:$E$121,'Task 3 Orders'!$C$2:$C$121,$A9,'Task 3 Orders'!$D$2:$D$121,D$4) -> 3275.71 | E9: =SUMIFS('Task 3 Orders'!$E$2:$E$121,'Task 3 Orders'!$C$2:$C$121,$A9,'Task 3 Orders'!$D$2:$D$121,E$4) -> 6022.42 | F9: =SUMIFS('Task 3 Orders'!$E$2:$E$121,'Task 3 Orders'!$C$2:$C$121,$A9,'Task 3 Orders'!$D$2:$D$121,F$4) -> 3150.36 | G9: =SUM(B9:F9) -> 21043.25
A10: Grand Total | B10: =SUM(B5:B9) -> 21262.84 | C10: =SUM(C5:C9) -> 18343.68 | D10: =SUM(D5:D9) -> 21960.57 | E10: =SUM(E5:E9) -> 23293.86 | F10: =SUM(F5:F9) -> 16963.63 | G10: =SUM(G5:G9) -> 101824.58
A12: AvgRevenuePerOrder | B12: =SUM('Task 3 Orders'!E2:E121)/COUNTA('Task 3 Orders'!A2:A121) -> 848.53817

Sheet Task 3 Pivot 2
A1: Month | B1: Quarter | C1: Order Count | E1: Timeline
A2: Jun-2026 | B2: Q2 | C2: 40 | E2: OrderDate
A3: Jul-2026 | B3: Q3 | C3: 45
A4: Aug-2026 | B4: Q3 | C4: 35

Sheet Task 3 Slicer Timeline
A1: Feature | B1: Note
A2: Cuisine Slicer | B2: Connect to Pivot 1 and Pivot Chart via Report Connections.
A3: Timeline | B3: Insert OrderDate Timeline and connect to Pivot 2.
A4: Calculated Field | B4: AvgRevenuePerOrder = Revenue / Orders.

Sheet Task 4 Orders
A1: OrderID | B1: OrderDate | C1: Cuisine | D1: Zone | E1: Revenue | F1: DeliveryTime | G1: Rating | H1: Status | I1: Outlier Flag
A2: O0001 | B2: R001 | C2: Italian | D2: North | E2: 46174 | F2: 18 | G2: 5 | H2: 591.36 | I2: =IF(OR(F2<'Stats Summary'!$B$10,F2>'Stats Summary'!$B$11),"Yes","No") -> #NAME?
A3: O0002 | B3: R005 | C3: Thai | D3: Central | E3: 46182 | F3: 47 | G3: 3.8 | H3: 393.81 | I3: =IF(OR(F3<'Stats Summary'!$B$10,F3>'Stats Summary'!$B$11),"Yes","No") -> #NAME?
A4: O0003 | B4: R004 | C4: Italian | D4: West | E4: 46258 | F4: 22 | G4: 4.3 | H4: 1024.3 | I4: =IF(OR(F4<'Stats Summary'!$B$10,F4>'Stats Summary'!$B$11),"Yes","No") -> #NAME?
A5: O0004 | B5: R011 | C5: Thai | D5: North | E5: 46191 | F5: 25 | G5: 3.6 | H5: 1229.33 | I5: =IF(OR(F5<'Stats Summary'!$B$10,F5>'Stats Summary'!$B$11),"Yes","No") -> #NAME?
A6: O0005 | B6: R002 | C6: Chinese | D6: South | E6: 46205 | F6: 55 | G6: 4.3 | H6: 920.72 | I6: =IF(OR(F6<'Stats Summary'!$B$10,F6>'Stats Summary'!$B$11),"Yes","No") -> #NAME?
A7: O0006 | B7: R002 | C7: Indian | D7: South | E7: 46194 | F7: 19 | G7: 3.9 | H7: 886.44 | I7: =IF(OR(F7<'Stats Summary'!$B$10,F7>'Stats Summary'!$B$11),"Yes","No") -> #NAME?
A8: O0007 | B8: R010 | C8: Chinese | D8: Central | E8: 46222 | F8: 27 | G8: 4.1 | H8: 483.95 | I8: =IF(OR(F8<'Stats Summary'!$B$10,F8>'Stats Summary'!$B$11),"Yes","No") -> #NAME?
A9: O0008 | B9: R013 | C9: Chinese | D9: East | E9: 46265 | F9: 42 | G9: 4.2 | H9: 1392.7 | I9: =IF(OR(F9<'Stats Summary'!$B$10,F9>'Stats Summary'!$B$11),"Yes","No") -> #NAME?
A10: O0009 | B10: R003 | C10: Thai | D10: East | E10: 46236 | F10: 42 | G10: 3.9 | H10: 1799.1 | I10: =IF(OR(F10<'Stats Summary'!$B$10,F10>'Stats Summary'!$B$11),"Yes","No") -> #NAME?
A11: O0010 | B11: R005 | C11: Thai | D11: Central | E11: 46209 | F11: 41 | G11: 3.1 | H11: 405.49 | I11: =IF(OR(F11<'Stats Summary'!$B$10,F11>'Stats Summary'!$B$11),"Yes","No") -> #NAME?
A12: O0011 | B12: R001 | C12: Thai | D12: North | E12: 46180 | F12: 40 | G12: 4 | H12: 1398.34 | I12: =IF(OR(F12<'Stats Summary'!$B$10,F12>'Stats Summary'!$B$11),"Yes","No") -> #NAME?
A13: O0012 | B13: R001 | C13: Chinese | D13: North | E13: 46256 | F13: 62 | G13: 3 | H13: 469.43 | I13: =IF(OR(F13<'Stats Summary'!$B$10,F13>'Stats Summary'!$B$11),"Yes","No") -> #NAME?
... A121: O0120 | B121: R003 | C121: Thai | D121: East | E121: 46185 | F121: 42 | G121: 3.9 | H121: 1173.98 | I121: =IF(OR(F121<'Stats Summary'!$B$10,F121>'Stats Summary'!$B$11),"Yes","No") -> #NAME?

Sheet Stats Summary
A1: Statistic | B1: Value
A2: AVERAGE | B2: =AVERAGE('Task 4 Orders'!F2:F121) -> 36.325
A3: MEDIAN | B3: =MEDIAN('Task 4 Orders'!F2:F121) -> 38
A4: MODE.SNGL | B4: =_xludf.MODE.SNGL('Task 4 Orders'!F2:F121) -> #NAME?
A5: STDEV.S | B5: =_xludf.STDEV.S('Task 4 Orders'!F2:F121) -> #NAME?
A6: VAR.S | B6: =_xludf.VAR.S('Task 4 Orders'!F2:F121) -> #NAME?
A7: MIN | B7: =MIN('Task 4 Orders'!F2:F121) -> 8
A8: MAX | B8: =MAX('Task 4 Orders'!F2:F121) -> 68
A9: Q1 | B9: =_xludf.QUARTILE.INC('Task 4 Orders'!F2:F121,1) -> #NAME?
A10: Q3 | B10: =_xludf.QUARTILE.INC('Task 4 Orders'!F2:F121,3) -> #NAME?
A11: Lower Bound | B11: =B9-1.5*(B10-B9) -> #NAME?
A12: Upper Bound | B12: =B10+1.5*(B10-B9) -> #NAME?
A13: IQR | B13: =B10-B9 -> #NAME?

Sheet Capstone Orders
A1: OrderID | B1: RestaurantID | C1: Cuisine | D1: Zone | E1: OrderDate | F1: DeliveryTime | G1: Rating | H1: Revenue | I1: Status | J1: RestaurantName | K1: Category
A2: O0001 | B2: R001 | C2: Italian | D2: North | E2: 46174 | F2: 18 | G2: 5 | H2: 591.36 | I2: Delivered | J2: =_xludf.XLOOKUP(B2,Restaurants!$A$2:$A$16,Restaurants!$B$2:$B$16,"Unknown") -> #NAME? | K2: =_xludf.XLOOKUP(B2,Restaurants!$A$2:$A$16,Restaurants!$D$2:$D$16,"Unknown") -> #NAME?
A3: O0002 | B3: R005 | C3: Thai | D3: Central | E3: 46182 | F3: 47 | G3: 3.8 | H3: 393.81 | I3: Delivered | J3: =_xludf.XLOOKUP(B3,Restaurants!$A$2:$A$16,Restaurants!$B$2:$B$16,"Unknown") -> #NAME? | K3: =_xludf.XLOOKUP(B3,Restaurants!$A$2:$A$16,Restaurants!$D$2:$D$16,"Unknown") -> #NAME?
A4: O0003 | B4: R004 | C4: Italian | D4: West | E4: 46258 | F4: 22 | G4: 4.3 | H4: 1024.3 | I4: Delivered | J4: =_xludf.XLOOKUP(B4,Restaurants!$A$2:$A$16,Restaurants!$B$2:$B$16,"Unknown") -> #NAME? | K4: =_xludf.XLOOKUP(B4,Restaurants!$A$2:$A$16,Restaurants!$D$2:$D$16,"Unknown") -> #NAME?
A5: O0004 | B5: R011 | C5: Thai | D5: North | E5: 46191 | F5: 25 | G5: 3.6 | H5: 1229.33 | I5: Delivered | J5: =_xludf.XLOOKUP(B5,Restaurants!$A$2:$A$16,Restaurants!$B$2:$B$16,"Unknown") -> #NAME? | K5: =_xludf.XLOOKUP(B5,Restaurants!$A$2:$A$16,Restaurants!$D$2:$D$16,"Unknown") -> #NAME?
A6: O0005 | B6: R002 | C6: Chinese | D6: South | E6: 46205 | F6: 55 | G6: 4.3 | H6: 920.72 | I6: Delivered | J6: =_xludf.XLOOKUP(B6,Restaurants!$A$2:$A$16,Restaurants!$B$2:$B$16,"Unknown") -> #NAME? | K6: =_xludf.XLOOKUP(B6,Restaurants!$A$2:$A$16,Restaurants!$D$2:$D$16,"Unknown") -> #NAME?
A7: O0006 | B7: R002 | C7: Indian | D7: South | E7: 46194 | F7: 19 | G7: 3.9 | H7: 886.44 | I7: Delivered | J7: =_xludf.XLOOKUP(B7,Restaurants!$A$2:$A$16,Restaurants!$B$2:$B$16,"Unknown") -> #NAME? | K7: =_xludf.XLOOKUP(B7,Restaurants!$A$2:$A$16,Restaurants!$D$2:$D$16,"Unknown") -> #NAME?
A8: O0007 | B8: R010 | C8: Chinese | D8: Central | E8: 46222 | F8: 27 | G8: 4.1 | H8: 483.95 | I8: Delivered | J8: =_xludf.XLOOKUP(B8,Restaurants!$A$2:$A$16,Restaurants!$B$2:$B$16,"Unknown") -> #NAME? | K8: =_xludf.XLOOKUP(B8,Restaurants!$A$2:$A$16,Restaurants!$D$2:$D$16,"Unknown") -> #NAME?
A9: O0008 | B9: R013 | C9: Chinese | D9: East | E9: 46265 | F9: 42 | G9: 4.2 | H9: 1392.7 | I9: Delivered | J9: =_xludf.XLOOKUP(B9,Restaurants!$A$2:$A$16,Restaurants!$B$2:$B$16,"Unknown") -> #NAME? | K9: =_xludf.XLOOKUP(B9,Restaurants!$A$2:$A$16,Restaurants!$D$2:$D$16,"Unknown") -> #NAME?
A10: O0009 | B10: R003 | C10: Thai | D10: East | E10: 46236 | F10: 42 | G10: 3.9 | H10: 1799.1 | I10: Delivered | J10: =_xludf.XLOOKUP(B10,Restaurants!$A$2:$A$16,Restaurants!$B$2:$B$16,"Unknown") -> #NAME? | K10: =_xludf.XLOOKUP(B10,Restaurants!$A$2:$A$16,Restaurants!$D$2:$D$16,"Unknown") -> #NAME?
A11: O0010 | B11: R005 | C11: Thai | D11: Central | E11: 46209 | F11: 41 | G11: 3.1 | H11: 405.49 | I11: Delivered | J11: =_xludf.XLOOKUP(B11,Restaurants!$A$2:$A$16,Restaurants!$B$2:$B$16,"Unknown") -> #NAME? | K11: =_xludf.XLOOKUP(B11,Restaurants!$A$2:$A$16,Restaurants!$D$2:$D$16,"Unknown") -> #NAME?
A12: O0011 | B12: R001 | C12: Thai | D12: North | E12: 46180 | F12: 40 | G12: 4 | H12: 1398.34 | I12: Delivered | J12: =_xludf.XLOOKUP(B12,Restaurants!$A$2:$A$16,Restaurants!$B$2:$B$16,"Unknown") -> #NAME? | K12: =_xludf.XLOOKUP(B12,Restaurants!$A$2:$A$16,Restaurants!$D$2:$D$16,"Unknown") -> #NAME?
A13: O0012 | B13: R001 | C13: Chinese | D13: North | E13: 46256 | F13: 62 | G13: 3 | H13: 469.43 | I13: Delayed | J13: =_xludf.XLOOKUP(B13,Restaurants!$A$2:$A$16,Restaurants!$B$2:$B$16,"Unknown") -> #NAME? | K13: =_xludf.XLOOKUP(B13,Restaurants!$A$2:$A$16,Restaurants!$D$2:$D$16,"Unknown") -> #NAME?
... A121: O0120 | B121: R003 | C121: Thai | D121: East | E121: 46185 | F121: 42 | G121: 3.9 | H121: 1173.98 | I121: Delivered | J121: =_xludf.XLOOKUP(B121,Restaurants!$A$2:$A$16,Restaurants!$B$2:$B$16,"Unknown") -> #NAME? | K121: =_xludf.XLOOKUP(B121,Restaurants!$A$2:$A$16,Restaurants!$D$2:$D$16,"Unknown") -> #NAME?

Sheet Zone Stats
A1: Zone | B1: Mean DeliveryTime | C1: Median DeliveryTime | D1: Std Dev DeliveryTime | E1: Mean Revenue | F1: Std Dev Revenue | G1: Flag
A2: North | B2: =AVERAGEIF('Capstone Orders'!D2:D121,A2,'Capstone Orders'!F2:F121) -> 35.666667 | C2: =MEDIAN(IF('Capstone Orders'!D2:D121=A2,'Capstone Orders'!F2:F121)) -> 38 | D2: =_xludf.STDEV.S(IF('Capstone Orders'!D2:D121=A2,'Capstone Orders'!F2:F121)) -> #NAME? | E2: =AVERAGEIF('Capstone Orders'!D2:D121,A2,'Capstone Orders'!H2:H121) -> 885.95167 | F2: =_xludf.STDEV.S(IF('Capstone Orders'!D2:D121=A2,'Capstone Orders'!H2:H121)) -> #NAME? | G2: =IF(B2>MEDIAN('Capstone Orders'!F2:F121),"Flag","OK") -> OK
A3: South | B3: =AVERAGEIF('Capstone Orders'!D2:D121,A3,'Capstone Orders'!F2:F121) -> 38.916667 | C3: =MEDIAN(IF('Capstone Orders'!D2:D121=A3,'Capstone Orders'!F2:F121)) -> 0 | D3: =_xludf.STDEV.S(IF('Capstone Orders'!D2:D121=A3,'Capstone Orders'!F2:F121)) -> #NAME? | E3: =AVERAGEIF('Capstone Orders'!D2:D121,A3,'Capstone Orders'!H2:H121) -> 764.32 | F3: =_xludf.STDEV.S(IF('Capstone Orders'!D2:D121=A3,'Capstone Orders'!H2:H121)) -> #NAME? | G3: =IF(B3>MEDIAN('Capstone Orders'!F2:F121),"Flag","OK") -> Flag
A4: East | B4: =AVERAGEIF('Capstone Orders'!D2:D121,A4,'Capstone Orders'!F2:F121) -> 36.043478 | C4: =MEDIAN(IF('Capstone Orders'!D2:D121=A4,'Capstone Orders'!F2:F121)) -> 0 | D4: =_xludf.STDEV.S(IF('Capstone Orders'!D2:D121=A4,'Capstone Orders'!F2:F121)) -> #NAME? | E4: =AVERAGEIF('Capstone Orders'!D2:D121,A4,'Capstone Orders'!H2:H121) -> 954.80739 | F4: =_xludf.STDEV.S(IF('Capstone Orders'!D2:D121=A4,'Capstone Orders'!H2:H121)) -> #NAME? | G4: =IF(B4>MEDIAN('Capstone Orders'!F2:F121),"Flag","OK") -> OK
A5: West | B5: =AVERAGEIF('Capstone Orders'!D2:D121,A5,'Capstone Orders'!F2:F121) -> 35.16 | C5: =MEDIAN(IF('Capstone Orders'!D2:D121=A5,'Capstone Orders'!F2:F121)) -> 0 | D5: =_xludf.STDEV.S(IF('Capstone Orders'!D2:D121=A5,'Capstone Orders'!F2:F121)) -> #NAME? | E5: =AVERAGEIF('Capstone Orders'!D2:D121,A5,'Capstone Orders'!H2:H121) -> 931.7544 | F5: =_xludf.STDEV.S(IF('Capstone Orders'!D2:D121=A5,'Capstone Orders'!H2:H121)) -> #NAME? | G5: =IF(B5>MEDIAN('Capstone Orders'!F2:F121),"Flag","OK") -> OK
A6: Central | B6: =AVERAGEIF('Capstone Orders'!D2:D121,A6,'Capstone Orders'!F2:F121) -> 35.875 | C6: =MEDIAN(IF('Capstone Orders'!D2:D121=A6,'Capstone Orders'!F2:F121)) -> 0 | D6: =_xludf.STDEV.S(IF('Capstone Orders'!D2:D121=A6,'Capstone Orders'!F2:F121)) -> #NAME? | E6: =AVERAGEIF('Capstone Orders'!D2:D121,A6,'Capstone Orders'!H2:H121) -> 706.81792 | F6: =_xludf.STDEV.S(IF('Capstone Orders'!D2:D121=A6,'Capstone Orders'!H2:H121)) -> #NAME? | G6: =IF(B6>MEDIAN('Capstone Orders'!F2:F121),"Flag","OK") -> OK

Sheet Dashboard
A1: FOOD DELIVERY OPERATIONS DASHBOARD
A3: KPI | B3: Value | D3: Month Timeline | E3: All
A4: Total Revenue | B4: =SUM('Capstone Orders'!H2:H121) -> 101824.58
A5: Avg Customer Rating | B5: =AVERAGE('Capstone Orders'!G2:G121) -> 4.1458333
A6: On-Time Delivery % | B6: =COUNTIFS('Capstone Orders'!I2:I121,"Delivered",'Capstone Orders'!F2:F121,"<=40")/COUNTA('Capstone Orders'!A2:A121) -> 0.53333333
A8: Zone Slicer (dropdown) | B8: All
A10: Revenue by Cuisine x Zone
A11: Cuisine | B11: North | C11: South | D11: East | E11: West | F11: Central
A12: Indian | B12: =SUMIFS('Capstone Orders'!H2:H121,'Capstone Orders'!C2:C121,$A12,'Capstone Orders'!D2:D121,B$11) -> 3342.12 | C12: =SUMIFS('Capstone Orders'!H2:H121,'Capstone Orders'!C2:C121,$A12,'Capstone Orders'!D2:D121,C$11) -> 2282.89 | D12: =SUMIFS('Capstone Orders'!H2:H121,'Capstone Orders'!C2:C121,$A12,'Capstone Orders'!D2:D121,D$11) -> 4638.55 | E12: =SUMIFS('Capstone Orders'!H2:H121,'Capstone Orders'!C2:C121,$A12,'Capstone Orders'!D2:D121,E$11) -> 2105.97 | F12: =SUMIFS('Capstone Orders'!H2:H121,'Capstone Orders'!C2:C121,$A12,'Capstone Orders'!D2:D121,F$11) -> 3432.71
A13: Chinese | B13: =SUMIFS('Capstone Orders'!H2:H121,'Capstone Orders'!C2:C121,$A13,'Capstone Orders'!D2:D121,B$11) -> 4503.7 | C13: =SUMIFS('Capstone Orders'!H2:H121,'Capstone Orders'!C2:C121,$A13,'Capstone Orders'!D2:D121,C$11) -> 3175.68 | D13: =SUMIFS('Capstone Orders'!H2:H121,'Capstone Orders'!C2:C121,$A13,'Capstone Orders'!D2:D121,D$11) -> 8890.17 | E13: =SUMIFS('Capstone Orders'!H2:H121,'Capstone Orders'!C2:C121,$A13,'Capstone Orders'!D2:D121,E$11) -> 8197.92 | F13: =SUMIFS('Capstone Orders'!H2:H121,'Capstone Orders'!C2:C121,$A13,'Capstone Orders'!D2:D121,F$11) -> 3773.39
A14: Italian | B14: =SUMIFS('Capstone Orders'!H2:H121,'Capstone Orders'!C2:C121,$A14,'Capstone Orders'!D2:D121,B$11) -> 4803.03 | C14: =SUMIFS('Capstone Orders'!H2:H121,'Capstone Orders'!C2:C121,$A14,'Capstone Orders'!D2:D121,C$11) -> 5817.28 | D14: =SUMIFS('Capstone Orders'!H2:H121,'Capstone Orders'!C2:C121,$A14,'Capstone Orders'!D2:D121,D$11) -> 3597.75 | E14: =SUMIFS('Capstone Orders'!H2:H121,'Capstone Orders'!C2:C121,$A14,'Capstone Orders'!D2:D121,E$11) -> 3488.64 | F14: =SUMIFS('Capstone Orders'!H2:H121,'Capstone Orders'!C2:C121,$A14,'Capstone Orders'!D2:D121,F$11) -> 3001.51
A15: Mexican | B15: =SUMIFS('Capstone Orders'!H2:H121,'Capstone Orders'!C2:C121,$A15,'Capstone Orders'!D2:D121,B$11) -> 1750.38 | C15: =SUMIFS('Capstone Orders'!H2:H121,'Capstone Orders'!C2:C121,$A15,'Capstone Orders'!D2:D121,C$11) -> 5336.68 | D15: =SUMIFS('Capstone Orders'!H2:H121,'Capstone Orders'!C2:C121,$A15,'Capstone Orders'!D2:D121,D$11) -> 1558.39 | E15: =SUMIFS('Capstone Orders'!H2:H121,'Capstone Orders'!C2:C121,$A15,'Capstone Orders'!D2:D121,E$11) -> 3478.91 | F15: =SUMIFS('Capstone Orders'!H2:H121,'Capstone Orders'!C2:C121,$A15,'Capstone Orders'!D2:D121,F$11) -> 3605.66
A16: Thai | B16: =SUMIFS('Capstone Orders'!H2:H121,'Capstone Orders'!C2:C121,$A16,'Capstone Orders'!D2:D121,B$11) -> 6863.61 | C16: =SUMIFS('Capstone Orders'!H2:H121,'Capstone Orders'!C2:C121,$A16,'Capstone Orders'!D2:D121,C$11) -> 1731.15 | D16: =SUMIFS('Capstone Orders'!H2:H121,'Capstone Orders'!C2:C121,$A16,'Capstone Orders'!D2:D121,D$11) -> 3275.71 | E16: =SUMIFS('Capstone Orders'!H2:H121,'Capstone Orders'!C2:C121,$A16,'Capstone Orders'!D2:D121,E$11) -> 6022.42 | F16: =SUMIFS('Capstone Orders'!H2:H121,'Capstone Orders'!C2:C121,$A16,'Capstone Orders'!D2:D121,F$11) -> 3150.36

Sheet Section D AI
A1: Item | B1: Content
A2: Prompt | B2: Create a pandas script that reads food_delivery_orders.csv, summarizes by Cuisine using Total Revenue, Avg DeliveryTime and Order Count, flags DeliveryTime >60 as Delayed otherwise On Time, and saves food_delivery_summary.xlsx. Test with 3 blank Revenue values and DeliveryTime=-5; identify and fix NaN and negative-time issues.
A3: Original | B3: Included in separate Python file.
A4: Corrected | B4: Included in separate Python file.
A5: Change Note | B5: Convert numeric columns safely, fill blank Revenue with 0, mark negative DeliveryTime invalid, and exclude invalid delivery times from averages.
A6: Test Input | B6: CSV contains 3 blank Revenue cells and one DeliveryTime=-5.
